{"cameraMode":{"drawMode":0,"name":"Shaded","section":"Shading Mode"},"sceneLighting":false,"audioPlay":false,"sceneViewState":{"showFog":true,"showMaterialUpdate":true,"showSkybox":true,"showFlares":true,"showImageEffects":true,"showParticleSystems":true},"in2DMode":false,"pivot":{"x":-37.87645721435547,"y":41.69455337524414,"z":248.62124633789063},"rotation":{"x":0.07468651235103607,"y":0.48871049284935,"z":-0.04203962907195091,"w":0.868226170539856},"size":14.295077323913575,"orthographic":false}