{"cameraMode":{"drawMode":0,"name":"Shaded","section":"Shading Mode"},"sceneLighting":true,"audioPlay":false,"sceneViewState":{"showFog":true,"showMaterialUpdate":true,"showSkybox":true,"showFlares":true,"showImageEffects":true,"showParticleSystems":true},"in2DMode":false,"pivot":{"x":4.4848175048828129,"y":23.767162322998048,"z":-50.74174499511719},"rotation":{"x":0.09836351126432419,"y":0.7014546394348145,"z":-0.09871464967727661,"w":0.6989573836326599},"size":186.7844696044922,"orthographic":false}